<?xml version="1.0" encoding="UTF-8"?>
<beans xmlns:xsi="http://www.w3.org/2001/XMLSchema-instance" 
xmlns="http://www.springframework.org/schema/beans"
xmlns:p="http://www.springframework.org/schema/p"
xsi:schemaLocation="http://www.springframework.org/schema/beans
https://www.springframework.org/schema/beans/spring-beans-4.3.xsd">

	
	<bean class="di_p.AutoHandle" name="hhdd1" p:name="핸들1" p:type="승용차용" />
	<bean class="di_p.AutoHandle" name="handle" p:name="핸들2" p:type="경주용" /> 
	
	<bean class="di_p.AutoEngine" name="eg1" p:name="V4기통" p:power="500" />		
	
	<bean class="di_p.AutoWheel" name="wh1" p:name="크롬휠" p:size="21" />
	<bean class="di_p.AutoWheel" name="wh2" p:name="고무휠" p:size="21" />
	<bean class="di_p.AutoWheel" name="wh3" p:name="자전거휠" p:size="21" />
	<bean class="di_p.AutoWheel" name="wh4" p:name="탱크휠" p:size="21" />
	
	<bean class="java.util.ArrayList" name="whs">
		<constructor-arg>
			<list>
				<ref bean="wh2" />
				<ref bean="wh4" />
			</list>
		</constructor-arg>
	</bean>
	
			
</beans>

