<?xml version="1.0" encoding="UTF-8"?>
<beans xmlns:xsi="http://www.w3.org/2001/XMLSchema-instance" 
xmlns="http://www.springframework.org/schema/beans"
xmlns:p="http://www.springframework.org/schema/p"
xsi:schemaLocation="http://www.springframework.org/schema/beans
https://www.springframework.org/schema/beans/spring-beans-4.3.xsd">

	<bean class="di_p.AutoCar" name="car1" p:name="소나타" p:handle-ref="hhdd1">
		<property name="eng">
			<bean class="di_p.AutoEngine" p:name="병렬4기통" p:power="400"></bean>
		</property>		
	</bean>
	
	<bean class="di_p.AutoCar" name="car2" autowire="byType" 
		p:name="히랴타" p:handle-ref="hhdd1"  p:whs-ref="wh1"/>
			
	<bean class="di_p.AutoCar" name="car3" autowire="byName" 
		p:name="난타" />
		
	<bean class="di_p.AutoCar" name="car4" autowire="constructor" 
		p:name="환타" />	
	
	
	
			
</beans>

