<?xml version="1.0" encoding="UTF-8"?>
<beans xmlns:xsi="http://www.w3.org/2001/XMLSchema-instance"
xmlns="http://www.springframework.org/schema/beans"
xsi:schemaLocation="http://www.springframework.org/schema/beans
https://www.springframework.org/schema/beans/spring-beans-4.3.xsd">

	<bean class="di_p.Stud" name="st1">
		<property name="name" value="한가인"/>
		<property name="jum" value="77,78,72"/>
	</bean>
	
	<bean class="di_p.Stud" name="st2">
		<property name="name" value="두가인"/>
		<property name="jum" value="57,58,52"/>
	</bean>
	
	<bean class="di_p.Stud" name="st3">
		<property name="name" value="삼가인"/>
		<property name="jum" value="97,98,92"/>
	</bean>
	
	<bean class="di_p.Stud" name="st4">
		<property name="name" value="사가인"/>
		<property name="jum" value="87,78,62"/>
	</bean>
	
	<bean class="di_p.Stud" name="st5">
		<property name="name" value="오가인"/>
		<property name="jum" value="87,88,82"/>
	</bean>
	
	<bean class="di_p.Exam" name="exam">
		<property name="studs" >
			<list>
				<ref bean="st1" />
				<ref bean="st2" />
				<ref bean="st3" />
				<ref bean="st4" />
				<ref bean="st5" />
			</list>
		</property>
	</bean>
</beans>
