<?xml version="1.0" encoding="UTF-8"?>
<beans xmlns:xsi="http://www.w3.org/2001/XMLSchema-instance" 
xmlns="http://www.springframework.org/schema/beans"
xsi:schemaLocation="http://www.springframework.org/schema/beans
https://www.springframework.org/schema/beans/spring-beans-4.3.xsd">

	<bean class="di_p.CoffeeShop" name="cs">
		<lookup-method name="order_am" bean="co"/>
		
		<!-- void는 실제 리턴이 불가 에러 발생은 안함 -->
		<lookup-method name="order_void" bean="co"/>
		
		<!-- 리턴 자료형이 맞지 않음 -->
		<!--<lookup-method name="order_tea" bean="co"/>-->
		
		<!-- private은 lookup-method 이 적용되지 않음 (의미 없음) -->
		<lookup-method name="order_private" bean="co"/>
		
		<!-- final은 lookup-method가 적용되지 않음 (의미 없음) -->
		<lookup-method name="order_final" bean="co"/>
		
		<!-- static은 lookup-method가 적용되지 않음 (의미 없음) -->
		<lookup-method name="order_static" bean="co"/>
		
		
		<lookup-method name="order_piano" bean="co"/>
		
		<!--추상메소드를 lookup-method로 재정의하여 실행가능-->
		<lookup-method name="order_hunter" bean="co"/>
	</bean>
	
	<bean class="di_p.Coffee" name="co">
		<constructor-arg value="아시아노" />
		<constructor-arg value="1600" />
	</bean>
				
</beans>

